0,1,2,3,4,5,6,7,8,9,10,11,12,13,14,15,16,17,18
0.22231156506132638,0.21186266241817392,0.1982822632336249,0.1785078257351092,0.15191158111914793,0.13363431597672348,0.11108903705375905,0.1040757597613104,0.0887829951888442,0.06536355668075067,0.04770142819171108,0.03304507002827378,0.026141870399437495,0.020777226203897214,0.016147526433751114,0.012883532092478556,0.009255202460478784,0.006282288384963031,0.003311066808728891
0.21107393474075326,0.20569993508184942,0.17854590091164596,0.17067304136418976,0.14483502089189526,0.13436104289685585,0.11435729820178075,0.10455237374431858,0.09328147715296481,0.06874343825911106,0.04685852947516422,0.02970912650957136,0.02588643434460386,0.01652737647010799,0.01273151912379411,0.01142168647652575,0.008005360716592302,0.005666708776427998,0.004031429077913984
0.22140860406553237,0.19721785165557643,0.18430064918690142,0.17288206258793898,0.1519341066833717,0.12336386662527415,0.10817311235229332,0.10303180088156255,0.0842150621665711,0.06502878205353663,0.0471646654991571,0.03216786458918308,0.024566524939416357,0.01668592004083197,0.015900952352121467,0.013260162447168045,0.009795425878698916,0.005897333103196678,0.0034429761948528426
0.2232549201930369,0.20110046274226173,0.18793257227132193,0.17207927907958726,0.14145211578298572,0.12435788220543237,0.11248464922257745,0.10239124157335561,0.09204327283525932,0.06808067020770775,0.04501468865619079,0.031427200075165695,0.02492270504179178,0.018847342339343987,0.015393045038440079,0.012389157704742693,0.007691621861648734,0.00567681230044248,0.004286261517307821
0.20879451693992007,0.2028225989394456,0.18604253040429125,0.16291531829668482,0.1577825210183338,0.13603630950305673,0.11550055893031252,0.10385540200284665,0.08579503456894827,0.0660087824416486,0.0503002783507589,0.03621746926433739,0.02578662297728801,0.01674191541530945,0.016110120054371513,0.011897832574847444,0.00899195112683504,0.006740944810651461,0.004101072143505136
0.2184017069405098,0.1974635452015791,0.18660322362880183,0.16983043610317433,0.1516730124475773,0.13101259742980942,0.10994853518020486,0.10078771741426396,0.08734529281181064,0.06784926090777926,0.04721721858193523,0.032523497923139355,0.022728040752002354,0.01906209751759924,0.014693816572683482,0.011853195716790277,0.008277521576880886,0.005696844201513229,0.00393306185547021
0.2105141896952048,0.2004147075622052,0.19103988637151043,0.17718062793601902,0.14797534883284919,0.12777176906085658,0.11235251247375833,0.10304739991036704,0.0860125324047375,0.06359919344366599,0.04800475453545738,0.028757412008542038,0.021867119089302722,0.01589084067541713,0.013681229196056466,0.011232904594032256,0.008122463976951044,0.005621648329254381,0.003981261965882887
0.20023210693481347,0.20248922655577045,0.18388257744746023,0.17275712686190375,0.14653137310858022,0.13218806536163874,0.10412808421112646,0.09347408748156139,0.0894505519111572,0.07191054096157379,0.05103042302878763,0.031409761637273104,0.02056496126597457,0.0151183452517053,0.014706337101593137,0.012063356812490711,0.0083305228565278,0.005918991930620843,0.0038619351924067957
0.2150306159244429,0.18642922769386167,0.19275459373966314,0.16583121420381486,0.1532993297878596,0.13231373154948584,0.10753820913830014,0.10359249940362986,0.08460177971732802,0.06969030482531846,0.04372794235048688,0.037484215557085754,0.025746661527165315,0.019948955707052685,0.015497938063697758,0.012671038082050723,0.009202728821629869,0.0071828435705799665,0.00477697563565832
0.21041641417106843,0.19799910637471324,0.19186750869848507,0.16810118960255488,0.15155714006684334,0.12979337644311106,0.11330613081055879,0.09843419019001748,0.08327384457795678,0.06323059963058819,0.048950136106680586,0.029737552776716525,0.024929542354114764,0.017996255818552964,0.014181563270587283,0.012485205794573406,0.008215969182976957,0.00594783724582465,0.004316004827582487
0.19822788949794629,0.20565773000304582,0.18969671242469793,0.1645489452269766,0.14977769534915886,0.13095622891640374,0.11353600278981141,0.0966172004162496,0.08862931564208365,0.07447388541671673,0.04715091667671728,0.030081810550636856,0.026283655537144734,0.0191661518652948,0.012963087160767217,0.012905173598256436,0.008818306301530854,0.006279624108671222,0.005134188502759263
0.20930129726238694,0.20369584857650197,0.17962975454945113,0.16975643471823093,0.14514608394962603,0.12729410949423559,0.114081563761746,0.09795889002240482,0.08563739417646077,0.06494682649857059,0.0460879150604826,0.030197462617839455,0.021853813858169036,0.016997731757408152,0.014585840626673008,0.011207743113941127,0.008190645464121071,0.0066120412901795045,0.004445171937159154
0.22082037658826797,0.20229779127258235,0.19233607514812018,0.1721973679238336,0.15254814333941596,0.13039397298806166,0.11133891689654496,0.10164329644597869,0.09215499032739027,0.06657942386320315,0.04784205496672378,0.03179332630205223,0.024282591649454066,0.019990857906121373,0.017634916938926715,0.014000396384619085,0.0091713851430541,0.00671643719635201,0.004450089106657729
0.21405560091828052,0.19537201232002727,0.1938627173716851,0.16600294530737825,0.14888175258582442,0.13333081659568674,0.11462661098328403,0.09693467691557339,0.0824514797894027,0.06057862949769072,0.04848584998664107,0.03085690534257196,0.02473685634983741,0.020604093236320342,0.014915281374344558,0.012264801947292736,0.008942440370488303,0.005878311093536925,0.004475673697167226
0.22542125808370878,0.20146388053206338,0.19426332423685438,0.17250506436066243,0.14651817442785214,0.12427837559708382,0.10709141156305146,0.10073012250971075,0.0858874444331188,0.06535302935215953,0.04410950064567187,0.02914623164918906,0.02204546816442915,0.017992596740608546,0.015777957792295072,0.011136265220560049,0.006475656265967467,0.005296554528790187,0.004285928766598945
0.22367116261810943,0.19662216318095854,0.19137849336125962,0.1701048577724102,0.15604296872732581,0.12260770382508762,0.11223565171387945,0.09903084235639087,0.08522378341028186,0.0672955368969218,0.04644745630374447,0.03414203747692074,0.021902907885145984,0.016118012663011938,0.013065676707243346,0.012412601241932164,0.00910476530455695,0.006320496574233447,0.004501936269381834
0.21287203152375772,0.1984969600686663,0.17743829094829272,0.17117194266980523,0.1442389675884152,0.12591914902357415,0.11188876664554726,0.09949415969881054,0.0908707687205425,0.06770260327598104,0.047720052081792974,0.03102061860902633,0.027160807128813802,0.01918804794504475,0.015942458416404848,0.011531156688622202,0.007945143484800077,0.0070041372330169605,0.004523046468138614
0.22295052523398756,0.19777386635956234,0.18617363944502502,0.17937873215033134,0.15544590935763508,0.12972700110208402,0.10838172510582023,0.1060877358424252,0.09226853555146564,0.07251220984754342,0.0472756244253153,0.028900484909729462,0.022898027126828147,0.0194557013419403,0.013985123020763657,0.012096657910826758,0.00986079786195243,0.007221546013353786,0.0044404692082065655
0.21040716173746116,0.21372156348838361,0.1809508530553195,0.1688528278173384,0.14619668158076443,0.1273472933885736,0.11938954928195017,0.1041295157341714,0.09087710718757785,0.06997020509968765,0.048501324947834046,0.03376495180123945,0.024048892545006362,0.019492223396661013,0.015689831165147883,0.012138144316657828,0.009331099236691898,0.006594335029049769,0.004652140858015685
0.2070867307824628,0.20241156240888453,0.179850423715678,0.17552653078687647,0.1511772776819284,0.12795642042617472,0.11808029546801035,0.09798548112139643,0.0861282613001072,0.06533047008297416,0.04394974539776575,0.03439489821302788,0.01820405185828161,0.017210960732961023,0.015516168166039512,0.011850128953483807,0.009265750504007686,0.00557903362744494,0.0039817139027463755
0.21341423342164417,0.21028764938888417,0.1846049287123514,0.1774054329081129,0.15255889357334101,0.1255057128517783,0.11195151736774833,0.09850695044770924,0.08723327034608558,0.07146709424622483,0.044208941516931,0.03175998240683292,0.023770787347175415,0.018291638042267244,0.014983529068406054,0.012239192624802886,0.009065127027567454,0.0065732150932377165,0.004239685952962702
0.21047169198549837,0.210349585705305,0.18984382633175273,0.17237251774859236,0.14779678293801007,0.1274061455494937,0.1163149521614677,0.09999928417294934,0.08838588002796743,0.06974336551247823,0.04976113160164769,0.03246752404510311,0.02506285960551735,0.01667096077259894,0.014117560315022204,0.011233889058956226,0.008780500455059459,0.005986429681400174,0.0040479787138889
0.211603103496044,0.2063927943857155,0.19553622724859837,0.16030628922381024,0.14814878326266523,0.1310848447608064,0.11239327861048931,0.10180572131146731,0.0851584503555255,0.06841547588168245,0.04708458892459255,0.03241694130056211,0.026460858312497282,0.019369775289361568,0.014652462828065427,0.01241911813570068,0.008665712399684,0.006043586684476132,0.00434123458701019
0.20993669080307759,0.21271971419219987,0.18760346099248243,0.16396692720662231,0.1491573172170691,0.12609334502265207,0.111444671185008,0.09869867285222045,0.08553317315453607,0.06758195656484067,0.04569395856443198,0.030870368998666686,0.022767906920102332,0.017062454971360608,0.015210684596275004,0.010786512970456796,0.008757478045818556,0.00654836786174301,0.0038289329540767136
0.215234463345175,0.21466968084565946,0.18984172157084006,0.16962018593810052,0.1545034470103812,0.14038945584653617,0.11430137196463713,0.10047117821594437,0.08674037132880053,0.06410400364041557,0.0502871521565289,0.03238321183231996,0.019967507356142222,0.015343501170674179,0.014514603512669366,0.011916048685016223,0.008683380388061546,0.006492275587915097,0.004806181410731469
0.2127034170000432,0.19812836009037066,0.19813075764535176,0.17077310964998232,0.14971762573960895,0.13461440787577783,0.11814667302450876,0.10439194738624186,0.08235498657605489,0.062277060419827335,0.040864765755011856,0.033646019953494644,0.024769118855738237,0.016529349848004138,0.015610041075306835,0.013347255950925674,0.008870073480431617,0.006096471190841557,0.0035430552682598204
0.20833141662978422,0.20681033504495477,0.19472404683926076,0.1763983215548069,0.14421639475267573,0.13227772203224092,0.11576659360467312,0.10099088453467969,0.08609388669466833,0.0668769164825494,0.04597145350389781,0.03337076470360678,0.02671926649129841,0.020242140760900418,0.0168596949818704,0.012634912588314062,0.00878776022013772,0.005867404848711066,0.0047521032037628474
0.21356859279650348,0.2000789076463198,0.17686848436190722,0.16959306949451408,0.14325204062567187,0.12470460283730933,0.10930310565074924,0.09958607054314728,0.08932890777557678,0.06425106753530235,0.05295509532405551,0.03447237816665416,0.02266077477831635,0.019136318817868925,0.017124989243124444,0.011019635795350147,0.008658194917520012,0.006938353897062155,0.004948328226880572
0.21469342442386968,0.20773879651141475,0.1967043405877847,0.1655110418614955,0.1550944893535504,0.12422935006996916,0.10594161702590305,0.0990130223812224,0.0882860954603839,0.06861435586183001,0.04402914237929839,0.033672205455821724,0.02533484482457704,0.01889738846177169,0.014118781042246897,0.012385728172200905,0.008801441668859267,0.00618847599120842,0.004792514026911776
0.21145796067233108,0.19952735902179813,0.18888908236442942,0.1695966026862578,0.1496660239501021,0.13017412622133445,0.1125805238448277,0.10280726278365587,0.09117010067827491,0.06797648892582431,0.0470177898435471,0.03566013693513592,0.025815519085148175,0.01825609432510994,0.013110390071049749,0.010730029247556505,0.008536746953462515,0.006736018172488367,0.004859592610396035
0.19758989996582504,0.19858128814825987,0.1928713936226047,0.1703849448470845,0.14814550402783805,0.12536283899160383,0.11356817953892046,0.10106246596457691,0.08860857867316851,0.0686158486511318,0.04898523567341462,0.033418562612522296,0.023508928142579877,0.01851601376594819,0.014215126347375873,0.012076391855231128,0.009215619146983656,0.006691688009012431,0.004309241386565021
0.20741065966384903,0.19445478471430816,0.18417832629972192,0.16726959714875717,0.1429406767532106,0.12947247703631687,0.11606214589518837,0.09769096134996247,0.09309098611944461,0.06849084908188491,0.0445963292139428,0.029260830652079906,0.022939898451988017,0.019648458934707624,0.013113821593067954,0.011595259060611929,0.008745932903342413,0.006075081734634891,0.0037142800011863986
0.2058057628078745,0.19506247988393915,0.19562811959382737,0.16984290579217148,0.1397842669823443,0.1295834433363381,0.10995585339971442,0.09622275407944719,0.08633996521951987,0.06633230298758919,0.05176223294591814,0.03087927927039885,0.023857955947098275,0.019386220038450863,0.013312901253037801,0.012237577625540619,0.009597922088529665,0.005714548186128543,0.003930329354051243
0.2177658436090411,0.20246864042530527,0.1865477397341137,0.16964188892240356,0.1522788858403083,0.13092021831357725,0.11232759942668413,0.10805860609911588,0.08324137860766695,0.06302829973409141,0.045499193619482514,0.03182265446204141,0.02429528041729473,0.019915238913711053,0.016031795179325792,0.01262565699611884,0.009399345595919373,0.006003322907373321,0.004180014709403046
0.22030132168690736,0.19595614296013958,0.18501412809529977,0.1650291200928598,0.1535720383782792,0.13354134174657328,0.12081394879541463,0.10077053789256868,0.08810837475048322,0.07084906672878566,0.04454048220871437,0.030516794532436164,0.025212151918539705,0.01994942417288309,0.013649846342324523,0.011917258701800881,0.00827299324066394,0.0064427835404324285,0.003861376826927665
0.21201625861129042,0.19897443651299368,0.19545426419819484,0.17497066307913706,0.14882174012248583,0.1338673962378501,0.11674858684920197,0.1008285207634621,0.08738076205492112,0.0676000862427435,0.04376573804865069,0.033657600578015756,0.028738884563785982,0.018144003432481626,0.01752543733957379,0.012723021675547397,0.008848693284419673,0.006722359617441165,0.004905042219619793
0.20286369787013442,0.2010434467368864,0.1893061307165797,0.16774718426342444,0.15741269979906963,0.1269422684923373,0.1175968740169141,0.0998045249796371,0.08647948432322222,0.07026405912903166,0.04654422520349144,0.027451252151728278,0.021719945672144636,0.01761131244657932,0.012236341798307404,0.012899259973640775,0.008608478338518522,0.005774960026219023,0.004672125263656679
0.21163736884877077,0.20944868254256882,0.1920663251342863,0.17127923926795968,0.1523325220974876,0.12660296388896503,0.11549676724372693,0.095911915785718,0.08774236524453383,0.06550193339299953,0.04788166321604598,0.030827999695770547,0.021223967433725455,0.015252802791769049,0.014888703748356824,0.011051994714881441,0.008214481342967095,0.006471285063887611,0.004347761000622563
0.21605870550428713,0.19634502226484812,0.1919296189650817,0.1727139888168559,0.14486733632450893,0.12965133427671438,0.1149816938463975,0.10004108818209972,0.09007614548066667,0.0678648434405717,0.04922576525359734,0.031947067388671146,0.024523891555831567,0.01935008058544485,0.016194323754507522,0.011759617630492769,0.0092822784174173,0.005633500920989354,0.0038756061891609406
0.2127025205812308,0.21465946644039108,0.19347433654860718,0.1748882152092524,0.15830773697679829,0.1289728574333588,0.1166380121274801,0.10065564776519181,0.08572349685897512,0.06387587428094255,0.04055934345525536,0.02711432477279263,0.020592705025484437,0.016833362645816252,0.016388710915435145,0.012900717144202989,0.009019385717692452,0.006256707231500014,0.0038153128711982953
0.19960142938876896,0.19087145422562019,0.1949752900010872,0.1746416275096822,0.14629893519088294,0.1250317121731348,0.1154988878654481,0.09722749894642879,0.07974949602101766,0.06446394796212845,0.0472013059498641,0.03452965874246261,0.024951061166107846,0.018599669038414035,0.015616299343294615,0.012009045154688314,0.008726337221564184,0.006458834885125275,0.004405743171993104
0.21233639968959545,0.1995158708173866,0.19470508980366247,0.1612415478881028,0.14141198449946707,0.12860314170333248,0.11909712831700042,0.10481465284500946,0.0885439162029385,0.06573993342894258,0.04675764465695159,0.03445713258880484,0.026239914078223514,0.019956815682288243,0.01650727438670535,0.013456142964857254,0.008983481401134918,0.006885689972786824,0.005112222262902255
0.23005370585552593,0.20493605508738882,0.19500886501981646,0.17698114333121812,0.14983770873536267,0.1287974199465417,0.11062858492278665,0.09971482215678745,0.08767143951277129,0.07177573725653502,0.047051790811036,0.03302121584143669,0.02453000788805293,0.020116513759559806,0.01529147395286673,0.012725938171990858,0.008222979879047965,0.006932592451143027,0.00444100435619621
0.22151636508820222,0.21129002580377992,0.18138997027925957,0.17981509293475412,0.16037657750178952,0.13250795804050208,0.11102404350036671,0.09742727324257716,0.08426454618166251,0.06695576008994614,0.04715591646718531,0.03246187605055123,0.023449383468278517,0.018337578494000417,0.013890210178485185,0.011087872430596779,0.009815022674894647,0.006653706017574146,0.004251244271347265
0.19722962919023362,0.19397567572077318,0.18391826946250184,0.16279628818666508,0.14810661717722617,0.12531041965957335,0.10929290959049537,0.10150049711985937,0.08144759289927561,0.06302141454901933,0.04236452146175301,0.02984834834193295,0.023787606050342802,0.018365578263494886,0.014672906211335657,0.011401080091740401,0.009354140954414503,0.006238322307191291,0.0036921983033940675
0.2158526896898097,0.18897966222255597,0.1942321375886939,0.17846282083760273,0.15361109669916306,0.1296919240474056,0.1158471550796234,0.09496909003919818,0.08145274650140044,0.07098521478525616,0.04686605923281589,0.034783484743509896,0.027477357422023785,0.019690237474364047,0.01583982664169359,0.012196563027725094,0.008122953904625585,0.00599492993100148,0.004233792534123648
0.19816268575424928,0.2119320704611765,0.19136411620356236,0.18427766368596227,0.15600044588815098,0.1326979508919427,0.11119181812402756,0.09661510576630622,0.08515367129349244,0.06535036648954667,0.04658073540367669,0.030232032806129072,0.020388756740781,0.019130661472414656,0.013808066567752908,0.012358860719476894,0.007852564691693764,0.005750838197287889,0.0037968128662245193
0.21869780952153423,0.21277940602572282,0.1834039381320018,0.17465800466116194,0.145482210097085,0.12878124400179358,0.10992318498701426,0.09836333989386675,0.08864503130934931,0.06272562116111613,0.041873426197600316,0.034870228261193514,0.02452280387113409,0.019171278968296068,0.01734834260986584,0.01217296988624561,0.009822207518617287,0.006720276061408348,0.004370332525453269
0.21042013347924932,0.20490511845025056,0.18815292707362213,0.17524792177421938,0.14451689412098856,0.12409144347161638,0.11229668779797325,0.10045495604777682,0.08837381491437213,0.06873392143186308,0.043839686326831606,0.02791943273073577,0.020746407401734723,0.017073001193501025,0.016344594346317964,0.012197249067524174,0.008370532174299394,0.006700735475692554,0.004622403598749714
0.21502698924762115,0.2062688418602528,0.1879096107656129,0.1772264524255009,0.15309081917670891,0.1261690432812546,0.11491704508225842,0.09977064255825374,0.08905719112725796,0.06623180147315649,0.047023694230931834,0.027155393556443752,0.023171236924546867,0.01584839317511616,0.013993702967679766,0.012212560785488824,0.00909242276206601,0.006289469795507041,0.004566856575749734
0.21299392773868991,0.19615772135124626,0.18469803842771287,0.17002443342887857,0.14579341891679037,0.12615512664236084,0.11233531419297105,0.09782652207007825,0.08758358808094302,0.07100919346487888,0.05364112348577471,0.03363634081056577,0.024491408804666215,0.018301074976343923,0.014169104761862839,0.011872449140473917,0.007724008349828448,0.00610188663204253,0.004483861485449436
0.21747873642230026,0.20919368474474803,0.19006513567062816,0.18162311346499166,0.14709082295544418,0.13239238929207292,0.1136155426138345,0.09445724267281541,0.08543302393287328,0.07007866398243684,0.05135686611964879,0.034468435017619536,0.021162274647581025,0.01717925508789947,0.014511437379500447,0.011995043541662198,0.008924585472711966,0.006409354433829451,0.004121432483675858
0.21861425876660495,0.20687163862915453,0.18995171649487624,0.17299840999225774,0.14687365906598282,0.133103569392713,0.11273022650441367,0.10244028789523751,0.08098441240923693,0.06568388534355457,0.048247562675120204,0.03184646998647239,0.024111289348705434,0.01905506968828896,0.01539303669315556,0.011474387966606547,0.008528455569002003,0.006056287133683613,0.004704005186216276
0.21390435417673886,0.19846013477875518,0.1914213279193811,0.16698554606183774,0.15380505006348122,0.1354238026535643,0.11759878681828967,0.09772717717867252,0.08453816755293386,0.06387094820965927,0.041209654671197415,0.03110803221470604,0.023347667841128072,0.01666681133035358,0.014374003966988402,0.00963605385496935,0.00809523986062699,0.005647072689139221,0.0037984069679571353
0.2188367979501859,0.20769763824305948,0.1951200843771957,0.16930720971320995,0.15213182007881293,0.13514927246344177,0.11608622430854909,0.09835978448239291,0.08821544907276196,0.065425104104824,0.04938882100584813,0.03575860216004367,0.024761075477422234,0.020414254081043526,0.016578981822475747,0.012405664328492327,0.009913773561614214,0.006891723599737276,0.0044658967756478485
0.20052463960497507,0.20480373232007515,0.19716682349605025,0.17461095210521388,0.14914796629121313,0.12833450482217945,0.11374850562705174,0.10030115767517767,0.0808785850414509,0.0630052689033539,0.0426649524656863,0.02927840736684789,0.021851228764992625,0.01965516481889129,0.014419651794709054,0.011479252283473573,0.008178231992522322,0.006579375250597541,0.004513476774722414
0.21220557065756324,0.1922886173730915,0.1820412701992074,0.16133737628912898,0.15121771411944085,0.13303896576255103,0.11387945079214395,0.10096812812548156,0.0861614423036347,0.06528399699972287,0.04418783815593291,0.031615061835457925,0.02110568383356609,0.018902112890561373,0.014783664365859206,0.010221529566258547,0.008463601220131234,0.006505508173220098,0.003859822687939496
0.20311118741479922,0.199302813918327,0.1911209427126525,0.16330504251943528,0.15236098660444553,0.13262876897928005,0.11836300334360333,0.10307031095108204,0.0900690180694208,0.06972591852089532,0.04605517036182033,0.03130317475938943,0.02324735173100656,0.018824399890452093,0.01731371627716982,0.012731088834490478,0.008474038623579427,0.0066640417096181515,0.0044505532647727275
0.21741628220809245,0.19247779290467354,0.19487999933291794,0.17124481087484505,0.15028027969783425,0.12366559517003417,0.11818139613096795,0.09890181613967158,0.08661164727663456,0.06741703750187289,0.049813798039265,0.03156646817615544,0.023583361372423617,0.019814235137625147,0.015006390167170536,0.010506891543916819,0.009172811713117679,0.006514962689839088,0.004408487268530881
0.22088415702922898,0.20878283136468906,0.19313749291906074,0.1716788817062665,0.15652323707409793,0.12192199843600687,0.1110559837889194,0.10176573365124753,0.09254313143277537,0.06413725839354312,0.05076081900964258,0.032572956329614766,0.023856246321195318,0.019100533705501244,0.015801483048173193,0.012520427535599399,0.009943245862523598,0.006763676425240228,0.004667244519178104
0.21713238046889088,0.1824306251056274,0.18477664106050712,0.16640287265056913,0.14740318356397653,0.1308907914654614,0.11217588494457625,0.10088060206769534,0.08410381760536412,0.07242822879674882,0.04493021057203256,0.02802231967787594,0.023514547989255397,0.016557300671477093,0.016299149447554284,0.0119025722074797,0.00846722960007501,0.006217643809543205,0.004275451948493103
0.21765902537834653,0.21283036771000646,0.19015754234757548,0.16958444089021113,0.1480312619452654,0.13028298593300003,0.11250806448047135,0.10142215665516108,0.08597057898517946,0.0640929327912208,0.04668996054983726,0.03480914426986548,0.023097761032568553,0.018707657280577827,0.016418727594216087,0.012806749785319649,0.008420733004794345,0.006432322093202936,0.004544201708823137
0.21902395796346635,0.19491668924936484,0.19649469780251477,0.1790491656289383,0.15622534491122758,0.1306459853008627,0.11392681805532101,0.10269942630857237,0.08624762268711283,0.0634072447269407,0.04480018495092153,0.032779497916212985,0.025302630388413405,0.020561880380803865,0.01688437455843378,0.011555421973339086,0.008423191347736891,0.006371514637779518,0.004012075009726612
0.2126091456172547,0.20665042365621927,0.1757412623409857,0.16700222410070592,0.14867659147620488,0.1258818936418149,0.11218468269791981,0.0983459537538256,0.08722811191920599,0.06755418618077214,0.04293501219534096,0.029080510581057872,0.023540464107350834,0.017541932728907972,0.014931360081808898,0.011413452619006559,0.009253502587793394,0.007158097807746511,0.004262439833187359
0.2281622623543656,0.20523236577665777,0.1833080172557487,0.17984930908657287,0.1471844339722354,0.13556625210027634,0.11787295604330628,0.10399315113476026,0.089008421271838,0.07319185381634796,0.04292156147892884,0.028612023718505797,0.024621290067561363,0.017240393684928856,0.015329569683617428,0.01255240545223174,0.009125693419015313,0.0061285857505863905,0.004265479962040186
0.2131937453685962,0.20332332913675272,0.18410870131727358,0.1782485373260056,0.16018764621367082,0.13280370847392553,0.11830226341953692,0.10285284711242448,0.08953178366367276,0.0696004881375904,0.0472894502077541,0.028756891452793643,0.022583566792992893,0.020237216409318026,0.01488441285355424,0.012064947247247215,0.009377440318041386,0.006250279921754365,0.0041704305467782365
0.20410543477430537,0.20064235513244894,0.18649921420304277,0.17312404371983675,0.1465220149261266,0.1358174923075512,0.11003996233024,0.09799426945401796,0.08756578372661339,0.06401918304855903,0.046343296877156714,0.03540228983486132,0.02593933769773854,0.019949963771590418,0.013502547273132326,0.01102230236443541,0.009267846527968193,0.006620992953989047,0.004349223820597936
0.21297362427663996,0.20010347207807994,0.1901450730710152,0.16544678252707523,0.1465291553558456,0.12666060151961245,0.10903753796025462,0.10219784884422556,0.08844647946158984,0.07314947006505151,0.04517843495630314,0.030495546436525023,0.02290104808100396,0.0171770479253317,0.016310789771742606,0.011328092410573865,0.009446554070661639,0.006384742580106684,0.004349705245520252
0.20655428742560472,0.20810676227399,0.18925630692868806,0.17456316302972225,0.15222768548732385,0.13332595957742788,0.11271556223556523,0.10577001904587435,0.08413156651015857,0.06941239075569122,0.0514006614906905,0.03476105921505501,0.024612691625951588,0.02019407198747769,0.016857975286115934,0.013676145700726727,0.010110453700754751,0.006831806919147865,0.004658036831735712
0.2051298906401992,0.20076105941722172,0.17703743393371313,0.1733438605348358,0.15516451060190334,0.12714092857608422,0.11733122937189816,0.10369645840704711,0.08413259684528396,0.07261241949477143,0.04860054461610014,0.034515535626911675,0.02281162308689816,0.017530874707598176,0.016057600308023723,0.012351088083595363,0.009151324315856357,0.006957342239104103,0.0038367102690344823
0.20638396059995906,0.20213364151560703,0.1875047219823927,0.1708507669858506,0.14895663636623696,0.13319832542256316,0.1137040712131962,0.10247845282254475,0.08388803144862522,0.06241443873017355,0.04511539887021515,0.03485069359756421,0.026221656169506113,0.016789458353718367,0.013796617277162415,0.011359887044652406,0.008887101358686367,0.005812959249976601,0.00419801095234984
0.22402047934211927,0.19418463359746013,0.1864479417373584,0.1671202071935564,0.14849703765125705,0.13159013757521254,0.11261893092993763,0.10263303210624669,0.08651282794701964,0.06471624445638668,0.045459547029625014,0.032760741193547216,0.024464554192562882,0.01576593871544668,0.01505612846088561,0.011463899216378748,0.00882548014269563,0.005697937542296638,0.004210480377265402
0.21887055891385915,0.22281020037032667,0.20285550784841883,0.17166632890492445,0.1549146619858236,0.13144929117865234,0.11389996276959274,0.09851824609166154,0.08553219407212648,0.06400426165293788,0.04433963111014999,0.03356056089023285,0.023484898539675447,0.019174867079485625,0.014627901331164983,0.01070743828580012,0.008271884976028931,0.006020380114508839,0.004056650134072526
0.2064876416206039,0.2209655208194889,0.182650247720811,0.17255445324579138,0.1430546057416643,0.13291669394823796,0.11869407881068256,0.10528655145731325,0.08542021109922632,0.06789410568659748,0.048756817564666266,0.03267582010441178,0.02512257637897153,0.019609776688939318,0.016129291639006893,0.011688993585857399,0.009139471503141927,0.006850095992440242,0.004596413029125557
0.21154630104929711,0.20761747304882766,0.18220902777497622,0.17530136457213713,0.1563671353841991,0.12929701761998952,0.11200802503806795,0.10144506527683805,0.08707002806309433,0.06831817836057574,0.04349281529375676,0.0315641956906334,0.024163270374696955,0.018862445453438625,0.015095954533116684,0.013000978621147519,0.008854841740195685,0.0066572626254984835,0.005231847038503823
0.2022019376714655,0.211529848050044,0.20215976090371107,0.17205266972775285,0.1503987444460878,0.1312680307819748,0.10742689988376436,0.10083503933473459,0.0877909187240169,0.0681972518300063,0.04500244764494804,0.031152864205488517,0.02509767146147107,0.01609662064217593,0.014350754026171864,0.01178973572024783,0.009202692463409101,0.006285502269371301,0.004121087509510235
0.22250056640881194,0.20383424333872008,0.19528969086010356,0.17664299818621826,0.15512124808285044,0.12769558184041746,0.11954693964478114,0.10391542791479258,0.09221948824607973,0.07381818796261758,0.05405764196992707,0.03677275329634705,0.022617789747224837,0.018113297828798613,0.015296421829748719,0.011775046694082414,0.00891749441644929,0.006109827585080163,0.0045666248481187055
0.2136491825411742,0.20143057051013075,0.1871618916208298,0.1721410021486785,0.14346768066529625,0.12617604253211595,0.10339459176558963,0.10080846360928486,0.08438356503033928,0.06185302252461128,0.04085860126396962,0.02968668591311102,0.02774677868139258,0.019870910487624904,0.015642080161746286,0.011644971965310391,0.00851003348396856,0.005734812909723164,0.004131253911942301
0.22046008642349274,0.19610711044961332,0.19179605615623624,0.1678458410996953,0.14213998894891755,0.12298171647991735,0.11250201645803154,0.09951779784213799,0.09202497665095222,0.06989710410617705,0.049235017819200366,0.03048084388676292,0.023387851869931586,0.014624974951788938,0.014978206185531417,0.013272304164620996,0.008640285472268971,0.006932790927827448,0.004449492637806751
0.21385058778025995,0.1958505380823738,0.19103441607477273,0.17405642299829888,0.15292689802562281,0.1267379455626571,0.11222687315086632,0.09834847410540948,0.08213890005266361,0.06620630959714296,0.040203065617644196,0.02786233502587132,0.02687229574984873,0.015343470709466067,0.015043466356834068,0.010406580999521409,0.008410232878119484,0.006009987784969084,0.004040386702528709
0.22181952051720072,0.20642643014201362,0.18840899160064978,0.17303324078468413,0.14490238522322435,0.12395562167564084,0.10114098038166142,0.0962583373238437,0.08368020942152465,0.06374725819586452,0.046554260585689955,0.030571684931706866,0.026942199833429437,0.01945380237798977,0.015502997417321196,0.01179679715106291,0.008345277351398117,0.006517264653201127,0.00373175901531847
0.2288188936257884,0.2191358449663347,0.1933308192357815,0.17873331743319504,0.15559650591447616,0.1265560905640793,0.10878226399625834,0.10158282478616654,0.0816633418688068,0.0661162736058783,0.04906808409463331,0.036012183003957865,0.022049119934023254,0.02078971947736047,0.01690390917028628,0.012133097139322702,0.00965369220950546,0.007572448916036312,0.0053154601006699664
0.208081853298483,0.1958032938761079,0.18268256159504864,0.16735966767068994,0.1507348656495775,0.12980705649101976,0.11695899738246768,0.10561880806735346,0.08875343663413737,0.0707517063654784,0.04688075957513255,0.03329074278584604,0.025114021314717794,0.01859566300465182,0.015243237745997062,0.012575033103002065,0.009229539331980174,0.007032528358552781,0.004997671194851283
0.21458752781534146,0.20345012347035335,0.1903938921215899,0.17307306920158577,0.1381909745462146,0.12885205618071854,0.11083115668949944,0.09554395542241817,0.0867686455775809,0.07023427260187537,0.052707153349858926,0.03733586836705266,0.022725781461502892,0.01707523321795834,0.014239889679804163,0.012839593194274024,0.009650623636820677,0.006779002306503634,0.004638924673566358
0.2063762922717048,0.19726599252463412,0.19512658471719518,0.17022189156251039,0.1491339745841575,0.12807323050484093,0.11382675977691231,0.10254750434160104,0.08949610227137594,0.06587913838304643,0.04891398786929907,0.03138225513804366,0.02505878293071262,0.01619495858132569,0.012700642655410377,0.009856496792602976,0.006201889587127918,0.004602762787178971,0.0032390517272599118
0.2173004947397355,0.20564252406768763,0.1903253071560535,0.16833337505289453,0.15282803680889834,0.1343718673774717,0.1141965755426343,0.09649759325223012,0.08822495807090547,0.0730989068606811,0.04628571390681813,0.03249826197025368,0.024373546850393446,0.016310941855828986,0.013316307875545386,0.010952215038685376,0.009551550835053435,0.006738172961412825,0.0039011625555432916
0.23068005055930568,0.20655781127760692,0.18866849805758473,0.165119388215689,0.1526063063054645,0.12957615030035624,0.10941697581654186,0.09957725828535208,0.09028978198393489,0.07223801193155338,0.04692109146879009,0.026166183680827237,0.022718261452548794,0.01893347403765111,0.015044864837455874,0.012085196069684556,0.008630957212894697,0.006699156345501334,0.004479921572872081
0.21093646584696885,0.1943041165368023,0.1836027645009069,0.17823962999448778,0.1456807181744985,0.12235134697963773,0.11422806900754678,0.09565000771135557,0.07952284453800512,0.0659947012614111,0.04298450153129452,0.028958544451579915,0.021801407921653304,0.01832791562631625,0.013924266947711927,0.012218152200240973,0.008237333874833275,0.006212923187004893,0.0039376914613566405
0.23268392199592464,0.2020198608407336,0.18899295841655145,0.17420956467594134,0.14075211388674758,0.1251637274162714,0.10938437440463245,0.09898428184890384,0.08404908583750775,0.06789718476509465,0.05005774658578788,0.029965379363670164,0.023254059003045446,0.01996091077626516,0.015558285838401076,0.013808740462260438,0.009692667429037238,0.0061285663153266,0.004132584300076236
0.22104587805823633,0.19181565035015719,0.19368071097038903,0.16920535348162186,0.15289436751525204,0.13820552969877836,0.11163558217112884,0.0991007316175967,0.08310830443086914,0.06750547976467458,0.04627608738945199,0.03437220994512247,0.022471915210335924,0.017245472299752207,0.013041317593826651,0.01219048768674219,0.008728223037847371,0.006307395579629227,0.004298079604736049
0.2180904433881949,0.21094807202424798,0.19466587529840879,0.1725726280987015,0.149802510209665,0.12691996611538114,0.11299581534464509,0.0985186659824892,0.08630044828751732,0.06824578936010428,0.04593493943797855,0.03404420151034032,0.027313998152701746,0.01855339110510329,0.014784010949749626,0.011088005890880881,0.008909453305277981,0.0062861578626007275,0.004260859297406883
0.2124066350726284,0.19279399522468216,0.18664013518489792,0.16745624646586482,0.15944621461276653,0.1291952378525152,0.10647278250341657,0.10025119762539453,0.08858917334184802,0.07453693629776997,0.050824654538823955,0.032478540911456244,0.02631269392656882,0.02055292511467488,0.014595915667436343,0.01263024078035846,0.009202144949570279,0.00619661704725305,0.00382191137542065
0.2075575226986745,0.20065250813700258,0.18919028540949484,0.1740214191068455,0.1490367151298087,0.12792536914637032,0.10613045791183995,0.10116589373686902,0.08592758970857212,0.06762372547132717,0.04598605483785945,0.03226638586978958,0.0221019211154575,0.018809909020402693,0.014742551420380945,0.011751027117063606,0.00719849174089221,0.005844760272867067,0.004169997957157612
0.2167114512581399,0.20949171269499428,0.19612452838585298,0.16962619994129863,0.15039482979941254,0.13221732836292371,0.11947104751839449,0.09964244567193298,0.08905628461169413,0.06378719496674079,0.045650036880524214,0.03490084814940636,0.025212849425421846,0.020591727467535015,0.012814473605426535,0.011438260579311799,0.008039095314110067,0.006225995910761173,0.004059438049294484
0.2040868875190051,0.20626456816012123,0.19248585035748406,0.16616398990130848,0.14526957297978677,0.13084540844010417,0.11282143575271725,0.09881338935762596,0.08993315947761166,0.072063587289657,0.04613808905610567,0.029352451523159573,0.023180306686129803,0.018389439229076376,0.013732544269981772,0.01203489044553735,0.008231095608057848,0.006520945829305735,0.004156277002417774
0.21890471851358234,0.20761680804037502,0.1875969000527538,0.17289418742610002,0.15029031767361206,0.12935686661174128,0.11484914946391944,0.10238851385306724,0.08366167308248218,0.06192282607170807,0.04465599361344308,0.031598423964686706,0.02463021605380805,0.018647423927051765,0.014222688490193258,0.012550576997031326,0.008753889769758272,0.006687602774837653,0.004645769787796128
0.20496763585629502,0.19903977964475977,0.18716033849242025,0.16283944825222807,0.1500065767868578,0.12437818566524161,0.11219258453092185,0.10180165941228952,0.08840644071927195,0.06893067014062665,0.05076577915344277,0.031984073107301225,0.024889252962492225,0.018922165519817458,0.016022533342997747,0.01246362902387127,0.008409699513404478,0.006077123462832179,0.004064292512994505
0.1917665963389094,0.20154029188082273,0.1864642251691992,0.16717061467899214,0.15120498737108595,0.1313802300189879,0.10912100024533045,0.09612560259547848,0.08559711140143378,0.06583186271693703,0.04613439864933838,0.030842198633392492,0.01949829424722399,0.01676667018729555,0.012488393839068634,0.01128087116641402,0.0067088943731115624,0.005482098163303972,0.0038353691884955854
0.22251145381402176,0.19703135472764094,0.1992648836784076,0.17572914257717415,0.15076695972035892,0.13208660472551026,0.11990652751690961,0.10216031738884146,0.09237805841971192,0.07054944000143448,0.042116860295272174,0.029149315444002344,0.02440330456727846,0.019285683815284116,0.013563952888037523,0.011465656904283639,0.008354744607222075,0.006330133310757435,0.004211678370277805
0.20413764959908592,0.19785316462575547,0.19388854976537911,0.1653684358879905,0.15130233172272717,0.13124222571205946,0.11288110456033856,0.09771908995519907,0.08720465290565521,0.06865056494309102,0.047086890703222584,0.031985352281755364,0.02255526681217468,0.019774201328216612,0.01374703790824705,0.012755336904054615,0.008308647892874443,0.006045050985845402,0.003512363513915928
0.19892872706133674,0.19281828976932697,0.18344063258422466,0.15869090827035526,0.15026059427954508,0.13663670190247917,0.11267622196918259,0.10044928397370712,0.0888751968343301,0.0692362572961181,0.050393682995751976,0.03739850467081729,0.026965503987545603,0.019243695909113512,0.013703436507631228,0.01155181048623738,0.0077847537600923555,0.0065822868309659555,0.004326545506341262
0.20792300698700256,0.21217225463166917,0.18639559240316278,0.1697305699873894,0.15280955006200891,0.12089719921666603,0.11593968629909784,0.1033898703835826,0.0885674372916711,0.07176364600310375,0.04457609631225806,0.028099621266631514,0.02347866355332129,0.01843378992161393,0.016009274516358085,0.012564260503622249,0.008624454569755247,0.005826889834960325,0.0040839894791721565
0.222203797666295,0.2117918906257253,0.18918541505045755,0.16218478429279437,0.15028194643515286,0.1267168092808153,0.1079461474250551,0.10230407839287736,0.091009510920323,0.07283509358419815,0.050105585713278444,0.03635661802647272,0.02707810169210184,0.019134560218897256,0.015876262609417546,0.014104313004045743,0.009830353000454206,0.006645103416285103,0.005111739776459456
0.207625806409319,0.21413332298597026,0.19351045839007425,0.16698820453273683,0.1491895123545351,0.1277069355426001,0.10749870915486082,0.10583389086762246,0.08091367042054098,0.06093543063614376,0.04206254258035513,0.030253326267050074,0.0226019153767818,0.016803893904280998,0.013187719030437695,0.012146873970321881,0.008115574503465062,0.005775100724307869,0.003848730061265071
0.23047856563586627,0.20584057336688483,0.19561058720493546,0.1704585129601352,0.14797341977674927,0.1337441566218448,0.11244085931692244,0.10635617783634449,0.09203711797548886,0.06722036322059877,0.04806341159731309,0.0334678516845599,0.023931979612234366,0.019293304705265357,0.012692779937622356,0.011315472788907932,0.007900625191017585,0.007206244625167779,0.004783400639470303
0.21503228769925492,0.18898439657557625,0.18328247402768377,0.1713104016205012,0.15237187967517757,0.12784135073709868,0.1154188827807403,0.10529408541168539,0.09702903796085377,0.06979939967203336,0.04878178531936844,0.03308880583146406,0.021719242030864727,0.01813485741193349,0.014954709861976778,0.012124237166420249,0.008353318275630739,0.006094982228295243,0.0037178697350194745
0.21841717922195208,0.19774117274720798,0.1878357336168835,0.16411750020325178,0.15422498977972343,0.1324664980052817,0.1112075597130342,0.10261964066146512,0.0858362888653103,0.06694615326797737,0.04952852645713374,0.03158643998294519,0.023026555568073925,0.015226753987313268,0.01352439642570652,0.011230779917897948,0.007686475986616703,0.006349735132591294,0.00447692915201392
0.21446544855423072,0.19634861942977694,0.20061173654072378,0.16908739457441585,0.1480411246758641,0.1268918130125929,0.11095928270539063,0.09737567729020341,0.0847744599999894,0.06731040128899285,0.044899086347166994,0.03382405372612107,0.02510167371005434,0.018216875774874464,0.015852974088739147,0.012619164594108445,0.008402868187015577,0.0054923796878526,0.0038478876179208754
0.22974642698779085,0.20961938792885443,0.17995929554675688,0.17023422358593837,0.1467380599078888,0.13220190528814374,0.11547095943732133,0.09862383536587477,0.08430437134364538,0.0675389458658116,0.040938538458190565,0.029009942843231606,0.02142950313418107,0.017826791180986346,0.014256724740439597,0.012077663421394214,0.008136889988340668,0.005787966518459031,0.0038526531061511826
0.20759385338245856,0.20452458295889214,0.19319456515726846,0.17582008317391723,0.14732451299208288,0.1253034904978007,0.10844523351240914,0.09697760602536509,0.08551430552551365,0.06828521976414109,0.0473464689025041,0.03128684242849461,0.023651444071765393,0.019803787429685304,0.015578265335733144,0.012315931801640534,0.00898101444277144,0.006743435270436859,0.004779483755930958
0.211242094341538,0.2052207753712883,0.18356077413829602,0.17182478595462264,0.1456204526709755,0.1281531185183435,0.11136155898668293,0.093008861079865,0.08705940481777491,0.06565349461109227,0.04893465073768155,0.031094170434081192,0.0232120616058063,0.01953421053142229,0.013333210945047469,0.011580309143506273,0.008635467259300533,0.005846479942350935,0.004143463169792083
0.2086204415086717,0.20196939279232068,0.18481311475218049,0.16259945826189542,0.14404317491633972,0.12406982277037187,0.10773164709074146,0.10282732614640766,0.08476978930460183,0.060477023294043475,0.045739125428814476,0.029554355310709657,0.02400749166633087,0.017842726188724956,0.014298319980610874,0.0106230236714136,0.008386119766015221,0.0059864893124148555,0.003967932109553596
0.2101939871498399,0.2063084202221535,0.19577109515781294,0.16698847128404298,0.1518056011549362,0.1295312450924005,0.10961659747354768,0.10273833383612102,0.08200890454754539,0.06573375647051533,0.04662409935400369,0.031110605235929067,0.02359216202848924,0.018285542266705646,0.014641627338891239,0.013354916453025889,0.008892673127483153,0.006261273084438024,0.004454559887074994
0.22037549558695385,0.20324117451339602,0.190472191651407,0.1774441476772824,0.15378425170839705,0.12996560905164428,0.1169879372851318,0.09479190017633404,0.08533443897589749,0.06884391537742052,0.04882691018926194,0.033485098750655584,0.026442798397293743,0.02067738301624006,0.017315794116023964,0.014870452266709466,0.01098940065271864,0.007563227798193406,0.004657953142581606
0.22469334614388142,0.20337531233473355,0.19692944218064118,0.17538811653280867,0.14971110833650403,0.1335091504354699,0.11320877683421238,0.10055937120354336,0.09065310579890007,0.06561690708623596,0.04274678381733982,0.03184029743384276,0.023032240355793765,0.01768965431712516,0.01536448100803317,0.011767044020925543,0.008713215384864137,0.006574114743018611,0.004528000880902827
0.20650211038520777,0.19175975696984376,0.19364383349357944,0.1677277082064444,0.14420246068261133,0.1281418346759008,0.11322785258094853,0.10342118431221065,0.09110063156857723,0.06792879481171621,0.050434166572970895,0.030721787564238656,0.02583892331510451,0.016553065774383535,0.013648973680782273,0.011274488771604807,0.009217525983633401,0.007256974415146611,0.003937196944776067
0.20422105863779755,0.20577195578150126,0.1943255318882991,0.1724359228373336,0.1520638625031162,0.12522903573876143,0.1088784380783781,0.09925578126739287,0.08862188876802973,0.06582531885570392,0.043920764614631125,0.030928043347990042,0.024166053686564215,0.01928923134707261,0.015299965257686787,0.012063104684496062,0.00989655809369372,0.00673290792839748,0.004752577860240859
0.21418673493632584,0.20976332644205903,0.18768149689966668,0.17620556994538378,0.14559417525145313,0.12885085875609953,0.11212152649739399,0.09969604620937333,0.08602786529386186,0.06594271218052938,0.04596659154462501,0.03409373744664751,0.02578895570248707,0.018646613249012844,0.014175656608821863,0.012827886278845235,0.008861936787047386,0.005861907592960791,0.003946325633180092
0.22049481592288628,0.2030689604013694,0.18641164517086767,0.1709997876547567,0.1450539662018146,0.12362636976395713,0.11204653119705338,0.0956188680295127,0.08444838533598237,0.062497149780197436,0.042171235855615496,0.03312956994758903,0.02192489538219572,0.01693969906959908,0.015637566035572037,0.013042522496744036,0.009046248072078378,0.006416908133330013,0.003764392770644276
0.1967418733263076,0.2039804439739465,0.19178309125748344,0.16938334511114644,0.16017881826546992,0.1388374465952224,0.11361671621515979,0.09820685449451905,0.08102064975097012,0.060869519433128294,0.041451109857100876,0.027690746392108667,0.01929544649845477,0.016268702307924487,0.015240588957064094,0.011016846607303843,0.009056115858478486,0.005489475265549326,0.0036181229428804973
0.2014037177043873,0.19612925109838703,0.19141850460773818,0.1738247898808543,0.14532177367114313,0.12894797248541662,0.10922197490610691,0.09968320645222178,0.08758740787625358,0.0713206646178891,0.046147868627442634,0.032546185572664865,0.025693266799062142,0.021012318512973582,0.01446800164210471,0.011839417137031183,0.007467558192228552,0.006170621136088461,0.0038372077269671068
0.20889147303105798,0.20081474972823837,0.18802194610633655,0.1756756879248284,0.14877989096575917,0.13003852156058432,0.1115637740562404,0.10093255801841405,0.09324511667526608,0.06775328852887352,0.047543106818833336,0.03139107079612824,0.023755803957969057,0.018374116315160227,0.014637320463461945,0.012219288071100343,0.007711508529153088,0.005616279989252182,0.0043750426375873674
0.21909538222180996,0.21678223229664256,0.1882307432448002,0.1701198248695293,0.13945010836168004,0.12705316327245114,0.11219857933392219,0.09745478887066056,0.08202401019461253,0.06630229802028897,0.04451243493322021,0.03182227233660129,0.025372376993115564,0.017239325404079076,0.01456990894418747,0.013266427701700279,0.008817098762469333,0.005946728005100321,0.004256915659033245
0.2094180642001065,0.19925943185069545,0.19092468568611448,0.17480129613146272,0.14917511511646742,0.12932852075150714,0.11735441775536226,0.09445954677695984,0.0840611512324545,0.06197873240154711,0.04534864866040961,0.03156788956604273,0.02357179299303136,0.016005735186556014,0.01751779422878358,0.012743378902135949,0.009500894552905259,0.006768094770823407,0.00460601972821717
0.2239932822658946,0.19411044247472548,0.19956550010658142,0.1684744762535702,0.14552191922905122,0.13047068323975924,0.10661132957083558,0.10304792844700539,0.08735320430819199,0.06383362850067253,0.04709957894249717,0.03666508418106884,0.024695691516868123,0.018638626265880087,0.014866461466079672,0.011790956742463998,0.007810428894586718,0.00537882310356097,0.0038894218588947926
0.20601540791383904,0.20328834776919874,0.18167206902690497,0.1642845839687897,0.1459714182088112,0.12267004697345457,0.11085917245765142,0.10015585894303758,0.08632307204415157,0.07048071831417069,0.04489985595089613,0.03168398416951451,0.02278331421598323,0.01709419789000899,0.013234575399779791,0.011906803963903423,0.008585922797988643,0.006160724856310529,0.003918445650210767
0.20939238416284883,0.2130685869952737,0.1865850202680373,0.17062663032293374,0.14682904902839194,0.1316302972795374,0.11508750182589006,0.10005932129359058,0.08918981050262337,0.06449497065250365,0.0453920789772152,0.03585232800890353,0.02604135017943665,0.01963234061984781,0.01593253073180867,0.011004327078082077,0.00887701446431488,0.0056727144975530774,0.003956448669341361
0.22354085765277515,0.1864223899246546,0.1913036750066887,0.1761408097792833,0.14589903279841687,0.13287727937797333,0.11488333718590105,0.09836843169156056,0.08429574704880216,0.0691582901184365,0.045785528837536005,0.03090960364970252,0.02352799824304036,0.018915197682199625,0.01503531033696881,0.013209753916369138,0.009345119985323336,0.006629857372182912,0.004270649360672674
0.2233870480605296,0.20183924550927929,0.18384315867667028,0.17589663930577,0.1500030333657767,0.12920896293881257,0.11181822720441326,0.10036676316112758,0.08580670499428267,0.0705483710777618,0.0435998684336843,0.030802957526658348,0.025896982784823608,0.01837704206598484,0.01454859467713171,0.012426055951534898,0.00822040525370521,0.005815432063284887,0.004174103868215873
0.21108715666331418,0.1991435748098614,0.18966697325826148,0.17286536088814292,0.14845586499485997,0.12902374130655192,0.11497926266981079,0.09870272355700493,0.08371056272728661,0.06421722764205623,0.04241934869337444,0.03455676514924205,0.02657527624988465,0.020591884217825596,0.016196569489460244,0.012664291051352694,0.009032568747418812,0.006699986388179202,0.004870949530706881
0.2136625671299402,0.20889770261294388,0.18007722931013798,0.16917197122400568,0.1479179002734083,0.12850027329748664,0.1168348983826315,0.09870582944276479,0.08764422779416836,0.0686143602272753,0.04608431210491759,0.030877423464821974,0.02186214405118908,0.017039975576320143,0.015298365305138228,0.012605127698878449,0.008638378537587588,0.005848160441327799,0.004070005128634313
0.21507238890001373,0.20577250883010484,0.1877685917950615,0.16821583435154802,0.14534832771004785,0.12459172388622408,0.11194256289114674,0.0960649138293454,0.08905642989751783,0.06180605844077919,0.045831377929271944,0.03329023141623444,0.025988612645435116,0.01903764123408591,0.01509912687174253,0.011130827295838142,0.008179149168983213,0.0058795452347960575,0.004177532703301012
0.19927405185882724,0.2047622566413579,0.19301021504613575,0.17532652078791972,0.14975268097853578,0.13349289784357604,0.11017361906225603,0.10121582415783303,0.08546747343378924,0.0679708471914397,0.04568704105700655,0.02999890901084068,0.021789114526805875,0.018060813649241003,0.012721390082694406,0.011293345973713065,0.00859008489586005,0.006277277686864313,0.004286546013358317
0.21008048606103608,0.19791023762495946,0.19090716765395072,0.1790570771621393,0.15323979112915137,0.12626585610432023,0.1139451689756365,0.10003633345492174,0.08278485406287961,0.06835661654578906,0.04529777302110538,0.029718543372309614,0.022351673101652314,0.018672493549673153,0.016048758619577108,0.011620224981532645,0.007780920339326036,0.0060361890076151,0.0048063531587148045
0.20209520963698197,0.1964075375136644,0.19442146583994574,0.1772916878754371,0.15301748214888483,0.12607808028173972,0.10520680897599727,0.09495749002143566,0.0855306334655127,0.06748456857959478,0.04842290135100519,0.0307615816555199,0.02081577622038072,0.01945044789089484,0.015397760460497012,0.011872903807410073,0.009264107172721248,0.007072281630889687,0.005005029005137829
0.22366417546432943,0.2000060785197471,0.19027329329517345,0.18061587701958343,0.13988409946434505,0.12972621351638153,0.10671006305877312,0.10158515040879967,0.08969732651195078,0.06647408278444822,0.050332736924520505,0.033320626198022174,0.021240181069576536,0.017117623330297704,0.014400799574299017,0.013137288305458295,0.008664433055636744,0.006398455400564995,0.004410121661640842
0.2046045587034337,0.19600998305857315,0.1837790472057504,0.1661188902178904,0.14605341989602888,0.1286377377402932,0.11271567126345089,0.09729597176734056,0.08618425015824238,0.0691876809139812,0.047276238022496475,0.0285489534984798,0.022927206786907184,0.019272711326690062,0.016564945689112598,0.011709051338897936,0.00923067784535092,0.006987693630627734,0.004213839479495274
0.20870861576940086,0.20850832601935804,0.20357235260031586,0.16118776358002768,0.1537718409027159,0.12200242988970056,0.10856217593372347,0.09937661864964864,0.0899566346138419,0.06675280573242359,0.04741006259016811,0.03411299670013185,0.02335561897783245,0.019290451299867062,0.014462522227930652,0.011474322048197538,0.008271456649607933,0.006687158338575083,0.0046097776752120345
0.19852546509626995,0.19810645074222905,0.1845648666944853,0.17322592647033824,0.1447192157013984,0.1279723524382938,0.11279854299443631,0.10186012707971814,0.0886307115606722,0.0670197930523651,0.04466161803296259,0.03505445785942629,0.021875015640628936,0.017215475753477705,0.01635073746397303,0.013098238602855972,0.0085752257616028,0.0061124540500274716,0.003948591812546809
0.2168622891802407,0.19396701252224052,0.1835849335354452,0.18119666540209028,0.14948656301929136,0.1293637465021969,0.10781566791231917,0.0997718270960572,0.08849780304104943,0.06468597444119328,0.04989993019726596,0.032876920515662156,0.02356942848119581,0.017541501232137158,0.014787809444720024,0.01241676879645559,0.008019289648635186,0.006494953171201467,0.00448699759124338
0.20655083454529272,0.20065700046439244,0.18476447170381977,0.17174465240221443,0.14779101950436752,0.12592228069914474,0.1101186255220602,0.10060981761087762,0.09074565051050976,0.07033082574892613,0.04823933925100843,0.03791802105056474,0.02598472924091838,0.016291124535142476,0.014927469887292377,0.012319976952830103,0.008855962101331827,0.0069379226971743035,0.004552478357671252
0.20553184975460842,0.21258137426700047,0.18965565828116343,0.16877983510274047,0.1451712476288176,0.12920473363302415,0.11177443639203921,0.09327126935974378,0.08378898653885247,0.06911139315621201,0.05012747899730935,0.032309668964950855,0.023924430746165737,0.019287662634512537,0.013196853714854961,0.011414181517050759,0.009498433985569765,0.006009201229675298,0.00484110609762084
0.21693645822074442,0.2157392421377589,0.18437129430928906,0.16665085986940298,0.14727472633940636,0.12956225112556724,0.1092382553002878,0.09519056305861956,0.08926043738857664,0.06708268321384958,0.04648417354384937,0.033160128658283106,0.023962627480456078,0.01680870290472397,0.01592439314043481,0.013297753271759305,0.009167249882769013,0.006064709263671364,0.003506000374614626
0.21841019779869647,0.1977305596079451,0.20393936150377884,0.17045431647182513,0.1458420389148845,0.13469013913054723,0.1136851734734377,0.1034034022478224,0.08749116951396474,0.0640896304934121,0.043038689279653985,0.029364203785848975,0.02491857006962228,0.018086963369274345,0.016502363223934224,0.013766517476011375,0.009419337282921658,0.006087834853675922,0.004456749824751083
0.2008992156508153,0.19896010468918285,0.19462835374485826,0.17996002887312718,0.14735588191530197,0.12411392634703816,0.11586039386589198,0.10378534344461987,0.08908763972436279,0.07010468295937444,0.04768615071773491,0.03696138567921792,0.024080600549866216,0.02044123104192025,0.01673327771474309,0.012794082501962567,0.009574153738065305,0.006542849741939583,0.004401076822900307
0.2152711857769563,0.20332113051365713,0.1828469042299487,0.16393541842823794,0.14624558388027703,0.13394786564118988,0.1115027453774976,0.10339455373814044,0.08204423576602315,0.0711434414265878,0.054895743480256165,0.03456839649690563,0.026059429475847273,0.019116172875396298,0.014096898659889778,0.011429128377996978,0.008744824242599591,0.0065916301617302,0.004690901832045291
0.21346180520735086,0.21325899281882216,0.20139435291019142,0.17127028529369187,0.14832661453265877,0.1301208406582483,0.11330458456002451,0.10240238722775163,0.08813991605248511,0.06562716964276266,0.04783942841843897,0.032858350964248384,0.022623810899198182,0.018880567570549345,0.01519864827995826,0.0128484878870061,0.009061279829643942,0.006690603438507858,0.0043677974882768145
0.19985307288196746,0.19875539704278627,0.18902584082383472,0.17199503624451756,0.15100518081350528,0.13268357091106436,0.1157681365354909,0.100883737246169,0.08479064855671781,0.06664712687309043,0.04788272970993829,0.03148129302666336,0.023322807110386257,0.015439406168960335,0.016107416770820893,0.012619879639518383,0.00881587558115654,0.006073020793610162,0.004540548840336556
0.21450448691430685,0.19489328042570225,0.18937539547043541,0.17537774120525967,0.15285235147823528,0.12700709498782087,0.11441700445052266,0.09937601728046003,0.087339983585413,0.06656669662532966,0.04394177490858375,0.02826832989748146,0.024356580792497418,0.017132826217813757,0.014615013739638971,0.013309365120482752,0.0077239648827083784,0.005705475424198081,0.00409258549922098
0.20831785697524602,0.2053962236140911,0.19946342876781792,0.17443924917126358,0.15023689722362943,0.12363095080950415,0.11127072947174044,0.10288517892475862,0.08248048565705668,0.06386350122969636,0.048278147722128406,0.03284050320587156,0.023387801421458743,0.018452561029459247,0.015183697299440413,0.010966750778523326,0.0077998961144303824,0.006518945012760569,0.004448781372122457
0.2110244139964838,0.20894225340149492,0.19839167660142137,0.17086204724835236,0.1424077638245575,0.1312931393052965,0.11150577832757536,0.0972047447858872,0.08477545271445597,0.061932397571727194,0.04175314139045749,0.03553778703238858,0.023395356228793296,0.015572453195516422,0.014642435753779715,0.010663300240110918,0.008600827584276827,0.006722754238487505,0.004470956555975791
0.20332818242949985,0.20261464884920127,0.1901245455956408,0.17144223714755974,0.14913681194349937,0.1272623080941781,0.11163208175706102,0.09964709101926977,0.08892408126890011,0.06882812393598864,0.04728121879592584,0.031261130404110826,0.02536203190923536,0.017424031970045217,0.014102989557942813,0.012764756389073095,0.008778816836019943,0.0065732846188904515,0.004294399950030003
0.20767194544799678,0.18364408145153027,0.19830153809627277,0.17108827195124493,0.1525121994559625,0.13500306264604078,0.10787785705062702,0.09769816682743626,0.08362474474441767,0.06890902581148134,0.05161458938791308,0.03011038727544979,0.027147162661374458,0.017918420429008708,0.015116889747283646,0.012845131668265952,0.008274115744650201,0.00621156072263096,0.004367208575446979
0.21927116960111676,0.19650671329597885,0.191218241449506,0.1681489980944842,0.15242301883331577,0.12390503353652221,0.1102440482879174,0.09406785738526169,0.08460314881654873,0.06605207773539873,0.04824352679481514,0.03353582993651921,0.02416270742770582,0.020834132623296697,0.015583951633301563,0.010781005116875908,0.009061855922067041,0.006862236188269644,0.004509978256141356
0.22189826138386065,0.2048469485032805,0.1834211661671163,0.1809925738242339,0.15439722177094378,0.1335684084139444,0.10953277434003778,0.10138992980106032,0.0862266334893923,0.06518728543953223,0.04436705111264022,0.0303430545998285,0.026557775816571094,0.018752305083881593,0.0133764787005064,0.01177337540161738,0.009004753779166264,0.0062902482102403234,0.004876907096324101
0.20369448307444743,0.20411123758588262,0.1889456038285458,0.17446578444536281,0.1474649552104148,0.1297487884710436,0.11004701160222413,0.09981147521361261,0.09023452301258933,0.06580062853960511,0.04665916724440794,0.030475970347829284,0.02382694284090392,0.020297650025235703,0.013394417005993642,0.011754222352643395,0.009704839726975056,0.006936778272850996,0.004408627463903525
0.19674504757194194,0.1913963409097405,0.19779285502073934,0.17864061194375952,0.14424365254466487,0.1248051623918382,0.10845816397767982,0.09765116646854549,0.08621772946694145,0.06583270095528676,0.04498926351894339,0.029957422682655943,0.02243435900091878,0.020144621404950436,0.01628581928654127,0.01156579496937754,0.008731950168495262,0.00661374915184032,0.004275286927621302
0.21413355501303316,0.19854364611112946,0.181355242258114,0.1648553679829302,0.15453921805796855,0.13099795868399017,0.11002436723642273,0.09381499649109398,0.08394322602401916,0.06355350083480032,0.046872618550413525,0.03101932811075042,0.024924424429334735,0.017614452782035328,0.016724219044313038,0.01300789141673242,0.009281243078333279,0.006654675809173616,0.00512841632610056
0.21442706828823638,0.20130248145857194,0.2013370047623007,0.16987210679990256,0.15271082388963564,0.1301372290324983,0.11595141151159866,0.10259311504911406,0.0890192057420176,0.06422480928924151,0.05049611306955559,0.03088200855999862,0.023751871126742374,0.018150550020552048,0.013055898774375962,0.012226467484280856,0.008709204418578753,0.006434765973140577,0.004495511197592061
0.21343271211846765,0.19914988131387784,0.18369705659578978,0.16569579751111146,0.14944403730042427,0.13325692141787016,0.10823224154685512,0.09795222671069304,0.08882085175215726,0.06829400231666649,0.0503119330657934,0.02955779890680682,0.024397699423703734,0.01809601369865005,0.0156547071785072,0.01192893298812725,0.009088587559801353,0.005629712422061672,0.003967600544367178
0.20796792737732234,0.203710673610297,0.18368923427610334,0.16757340941694127,0.14955262419923632,0.13044804040974306,0.11629789470401997,0.10339455886586568,0.08598028016169695,0.07024574467657618,0.05036718904271076,0.029571857721934658,0.026871375652957885,0.019732599102095294,0.015796074073319177,0.012353920612582725,0.009665147747486835,0.006512173407345501,0.004434513588168987
0.21098643898951702,0.19986765631742803,0.18900508547244294,0.17575107726775901,0.15251442614131588,0.13012655985110638,0.11025501656780423,0.0973324006138308,0.08555051100009653,0.06589220492675374,0.04354496212715431,0.028232382981672355,0.0225961652002582,0.016717596175962413,0.01584609472354248,0.012068627561562018,0.0091639737127584,0.0061434840804680535,0.004270496623562103
0.2121650184915877,0.20442284486973922,0.18668220087365456,0.1765555185861935,0.14055711744126764,0.12664954928016342,0.11390737204021684,0.097958325389574,0.08826379698290193,0.0665332750506058,0.04736306255393202,0.027299290890479444,0.021049572779562986,0.018595977518015228,0.014001597541132726,0.011204271319840198,0.009330386571042792,0.006758389761368944,0.004184249990219935
0.2216148855906061,0.19923857138055184,0.1924022351364953,0.17609602825653164,0.15272432480495857,0.1303352780935237,0.11322232603103388,0.0974091205397839,0.08500475783976863,0.06680252682162818,0.04870071449518293,0.03216859228903668,0.023420321818355905,0.0204330559713069,0.01714094288622814,0.010562756023036912,0.009302347831728008,0.006070155861467641,0.004216217557700852
0.21405938622012116,0.1953800745326622,0.18468457307249192,0.16951978695705566,0.14292783217176414,0.1339117074641582,0.1070871312212352,0.09690056853948503,0.08589609897983419,0.06724422837575955,0.04605518150429083,0.030741680010698158,0.02253803750415978,0.016495536115833376,0.014861409351853705,0.01222953469526289,0.00977760092414448,0.0066737695961631704,0.004488707248929136
0.2204939034901085,0.21874384309706746,0.19575743903405624,0.17859727722861035,0.15153868505392765,0.13176239470114887,0.11753926049298197,0.10908499338641137,0.08532238993886437,0.06216636795572217,0.044079021806177676,0.028954178647512097,0.026129748702680144,0.0210627652386427,0.015744641483830257,0.011990426881663685,0.009158458641217504,0.006406429001362013,0.004182587367119961
0.22451648873314917,0.19380389954218397,0.18735425266451383,0.15813328477367689,0.15481694381330413,0.12382299903999616,0.1161208782830187,0.09489383211013308,0.08730040356413216,0.06477034782957314,0.04383884714238978,0.02886853764993924,0.024476048191130306,0.018693851207531864,0.014921213916477383,0.012463869530823235,0.008691733738691865,0.006675977382359977,0.004779131871233244
0.21069730703670936,0.19116224855350955,0.19493344348016245,0.16179586783821887,0.14913357902675833,0.13429370281020542,0.11293334542065303,0.10146070150034392,0.08678534141956606,0.06674593407074547,0.043113027727780306,0.03133947331444381,0.025824903612015226,0.017816747837131053,0.015469233099025925,0.01312220239795836,0.008209336391154287,0.006132587505818687,0.004047186138136594
0.2103543934015591,0.2016731554977385,0.18699537463695176,0.1730606335174109,0.15742061778053723,0.1301139034824752,0.11384348613569312,0.10272214910065358,0.0858434233467617,0.06480864410529086,0.044718730745812785,0.02969823486843992,0.02164375443070543,0.022547796899243577,0.016459769648447087,0.01384121505184982,0.009791910588067887,0.00631872268126954,0.004058076201010563
0.21847572551596878,0.19972662912472366,0.18187174281857138,0.17021436077508362,0.15196228162286363,0.1276759111808543,0.11446425802366644,0.10135288397817394,0.08408563074079001,0.06618903468373044,0.046360140283737306,0.03415624863035843,0.02282727431076087,0.015612171073786374,0.014649179323684758,0.011701252606569124,0.008683671229525958,0.006545042473012186,0.0044679903361423134
0.2180158456795978,0.19624084697659366,0.19520072746176825,0.16844071291913426,0.1448314291980869,0.12725522249305032,0.11245861058827022,0.09526961968870828,0.0872311859283098,0.06814833242624585,0.04706549470403243,0.033419131843602956,0.023470392740148782,0.016728673973607222,0.015183046533023659,0.011351990514836985,0.009206899255042922,0.006543044236709761,0.004661681608642332
0.21230927570713337,0.20170233890943717,0.1860127702099334,0.1712297809381877,0.14523448530967314,0.13315528539037164,0.11805558100691754,0.10335886759505075,0.09063940152447209,0.06889464765916542,0.043337819810944755,0.032974610216132294,0.02274855633087225,0.01856828371591157,0.014586406404349939,0.011402316026508152,0.008900739617620612,0.006018002329424843,0.00466729609051314
0.20200697833977715,0.20426965870568908,0.18246587787115426,0.1795101726569503,0.1561284179076523,0.12857847926867394,0.113787626246388,0.10847681047302815,0.08497481306017374,0.07042893006918116,0.04900761944924931,0.03400990276000554,0.024992795816923596,0.020389973489615687,0.015612143082649022,0.0130515608343309,0.01072760590610855,0.006900143674334114,0.005305783279746901
0.21873039957762003,0.20545415043528387,0.1958778904714284,0.1737184581572871,0.15455357522122992,0.13467764939302718,0.11266545734516942,0.09778896301724971,0.0834897189395824,0.06564746919601017,0.04788773291205389,0.03046619712750831,0.024061537585485793,0.01774423711668549,0.01429500155224428,0.011557988778010286,0.008717638837077879,0.006185961938193318,0.004165804246703042
0.22280147066933803,0.19378375188907065,0.18856941668025856,0.17450442161466734,0.14616981542758362,0.12900953940041948,0.10813948803702733,0.09821098589934252,0.08353724868924989,0.06167982043002207,0.04882160628531973,0.031129612088315606,0.023797618558313305,0.018111063901355695,0.014590369841938233,0.011738044295615757,0.009289426399573364,0.00638926617827712,0.004078347975975838
0.2026577159613811,0.20520214001373832,0.18546306765133475,0.16022205417357893,0.1500153754655424,0.12922177274150104,0.10991958360446424,0.10375217833929434,0.09061155746848115,0.06786548040111656,0.047538964185865396,0.035965974831765946,0.021834702981127274,0.01895404812685131,0.01510586548301246,0.012075510520420607,0.009143941887642504,0.005917873010343799,0.004423875262543342
0.2183995949686111,0.20914539763002954,0.17792727184093798,0.1777536677231613,0.15075390061242677,0.13192706857884062,0.11348092495343698,0.10056097044027629,0.08468739102503992,0.06834568941483721,0.045381882871442514,0.029867232075364736,0.0255146969473124,0.017940330310235453,0.016413079044800605,0.013244793552571132,0.008768925266516958,0.006762824427648029,0.004930851923873936
0.2180461273945084,0.20939136593412438,0.19513335985075836,0.17357259813620046,0.1524984206671982,0.1317769287160116,0.12050534686462544,0.10203826173865166,0.08448171238990487,0.0661066472032546,0.04922596502777066,0.033432988556779564,0.02211347723948104,0.019314039678512696,0.0152932824480847,0.013090073451314965,0.008959676968039232,0.006705811457101807,0.004387276784608374
0.21371664546192176,0.1898975594985048,0.19203563325023393,0.18286819328075993,0.15230330292918726,0.12867134052021773,0.11937974748262425,0.10569427166618361,0.08809176999183288,0.06417172394670206,0.045244308570286385,0.031754783615811355,0.02440481784543136,0.018105308177775337,0.016194235621923403,0.01152537144622967,0.008487147031442821,0.005702086108748561,0.004030806300664769
0.21261566671030102,0.21093588835916605,0.19724969207656523,0.16604392948124452,0.14792489375533413,0.1323974141942404,0.11537271550024253,0.09560967347415,0.09215271470757497,0.06718271604812237,0.047979581974288754,0.029157437842156464,0.022777890081869645,0.01909087674410287,0.013225225339593805,0.01106224301725095,0.009267186569427155,0.006262856537091355,0.004318013139802845
0.21973306762902128,0.18893279980744,0.19154183544960096,0.1749623015894572,0.15430445491229128,0.1266706210127032,0.11117070086894826,0.10257198199859902,0.08407666151841386,0.06470641337860217,0.05190584457836195,0.03247527745323131,0.022077965704060953,0.01787416421615684,0.015831475829560404,0.01356082584325713,0.0082726377386651,0.0064230705953416956,0.004735570506104847
0.21335936012606221,0.209179072145041,0.18578198806814689,0.1728560311722394,0.14904370107509612,0.1284717298267546,0.10918488794171599,0.09441286155334228,0.08574254162154271,0.06364794415715963,0.04438622310254203,0.03139443843474171,0.0250415227734041,0.017821310401006818,0.014815368317833977,0.01158455338284492,0.008674441270681787,0.006669356560708495,0.004443179495821681
0.2239686128006934,0.2059276820818406,0.19396696114041617,0.1759603836552021,0.14836168045421305,0.12480446561735958,0.11198398526409709,0.10510197627530393,0.09153831278837005,0.06577561478810501,0.04391010286196784,0.035678395221190984,0.026184527093747523,0.016972139245272133,0.014993960187336952,0.011518332592971636,0.008509969108517978,0.006521252145670786,0.004401224754569333
0.21167497546892416,0.20801572820312447,0.18502202215927005,0.169610511532369,0.14430671642394272,0.13289228535949504,0.11242350793377898,0.10680267018361111,0.08586252998891125,0.07067843021726478,0.04864521995238735,0.032635242634691974,0.022526631450592083,0.019010075696705653,0.015980952185014274,0.012091663873857461,0.009243418070496001,0.0062254374687572556,0.004365800438006884
0.21979790061231835,0.2109434703409619,0.18679610094260507,0.1741879393525662,0.15816251351421068,0.1311471470950697,0.11131853969750483,0.0962862066609445,0.08435931618332637,0.06384997158175026,0.04867617101411942,0.03452442836994957,0.023288548888083405,0.016762043431810536,0.016090506651511904,0.011944528848824632,0.008070873432205639,0.007034789251999851,0.004189567629033331
0.2087918248873007,0.18770883875032635,0.19297657230466764,0.17135873423995068,0.14410048321344093,0.12467391163330133,0.10834888511518626,0.1000390660277185,0.08270211043195536,0.07156736262339847,0.049219785757189216,0.032960975012141014,0.022867012103200468,0.018289433461280535,0.01594690946595234,0.012779601177373756,0.008517110834124653,0.005769353846375114,0.004236642577587768
0.210995092464539,0.205224351127354,0.19361303155169435,0.17152142956304545,0.1467985014313945,0.1278974188659887,0.11410897040956369,0.10649344868686178,0.08840724281292933,0.06543445305487278,0.04455165628765506,0.03208398545096175,0.025149619746157592,0.01842876976454033,0.014340887463873853,0.011706787212068859,0.00916893284639203,0.006037944435990483,0.0037385338225583986
0.2136174267508681,0.21631110494146205,0.18756501063464853,0.1673956927015991,0.14481525901908965,0.13403589170243108,0.1151760350172572,0.1040926730538993,0.08802946416253749,0.06913982314924844,0.046775481173504996,0.03180330310612833,0.02470200296697239,0.015711307321735035,0.014049592479827178,0.013021322755256914,0.008486047273143615,0.006510218798740697,0.004651207797620793
0.20513524038711012,0.2098275553158751,0.19399608360246395,0.17635776895471383,0.15001452126538867,0.1324389983266155,0.11905253261861481,0.09670170111477328,0.08501561580268563,0.06397190687188792,0.04687874418219945,0.03668090215300285,0.027702731213578358,0.01854782160590701,0.015573155819263995,0.012391994944988216,0.009276413163291974,0.005990990861477197,0.004252273913690596
0.2237530066640841,0.21076979461816886,0.1859709753192666,0.17266010764337175,0.1497049376953144,0.12452177725339897,0.10898483341571374,0.10327204756516817,0.08925804248344565,0.06765433774307383,0.037572924486790615,0.030123421155120844,0.024781207525714,0.018703957979317398,0.015245713310926112,0.012188039164180153,0.009460047046640996,0.0065413385329816665,0.004254802672003677
0.2194654550983987,0.20207562207839674,0.19217618586647117,0.16938338992393182,0.150634317550691,0.1290099607501608,0.10723054098089502,0.10080043179850812,0.08732688129030869,0.07233765178331425,0.04836435099458569,0.0282425642020252,0.025512438691011385,0.018246494434464522,0.015963397953484892,0.011622139323324399,0.008436436916997525,0.007162714436482309,0.004102944629365113
0.1999849656947314,0.19474847557757796,0.1905888063617031,0.17283816137932168,0.1494087873715349,0.1296724466701053,0.11405059722996802,0.10210025059756567,0.08393413958889878,0.06626282512711135,0.050135745715525926,0.029314000830433118,0.022073923248761063,0.01568985288013003,0.01469588293902907,0.012422544246743827,0.00845628029902279,0.0060414365611353715,0.0037254323187519978
0.19860557793373163,0.20243606321094748,0.18589094396753342,0.16387703421850247,0.15418839053940786,0.13359710242074418,0.11344080141377222,0.09986449175418222,0.08430135538815048,0.07140206240467128,0.04461331330023349,0.03365312727337644,0.02671580207351082,0.019658617620316843,0.014117092279184618,0.012259752218291287,0.009517889531545198,0.006785621652359131,0.004836999074668724
0.2086348369328383,0.20164991292940387,0.1840451473197337,0.16010436898474978,0.14704777359807858,0.12461059985972817,0.10912617583398171,0.092286530249721,0.08131033861973286,0.06778266962252838,0.04468095047651116,0.03141083850718007,0.022104746897066208,0.019460729585377645,0.014780342398105994,0.013126521581484862,0.009817107826375848,0.006662453800432566,0.004477740708494549
0.21201456927726287,0.20933467824890378,0.20763678537380165,0.16546863465656564,0.15506450419926565,0.13209537987030234,0.11244970884715877,0.10212413839436346,0.08452420918159503,0.06207588716033918,0.045815715083820485,0.033595480235738606,0.025588272685693303,0.020233335831441268,0.013795395967227508,0.013104214721462892,0.008474284652044972,0.005872204500082523,0.004012521405185765
0.20965162106851926,0.20656229840251544,0.19792998510183696,0.17911629066560014,0.14796387316407067,0.13038337753099177,0.11568302323261925,0.10359486311659205,0.08686655081211098,0.06855471528832824,0.04906188115362137,0.02989242783681967,0.023484749392719606,0.018372081335321477,0.014965944563850087,0.013556323118244396,0.009079228591704958,0.00687726412256584,0.005371738658018155
0.22784788722857424,0.20580069319840005,0.20210282713894018,0.17204708897400428,0.1528289147737517,0.1299141836858544,0.11255690880907138,0.09766071351495331,0.08139758928579321,0.0667042389412768,0.040729295368824914,0.030766010524118037,0.02229176480542272,0.019820318442506424,0.016069024946686772,0.011510024928376883,0.007819042438010737,0.005646407365025197,0.004346443121001353
0.20530126495210693,0.20277278290315986,0.20077689474365207,0.16747461127435354,0.14392804687161476,0.12711024808588534,0.11068097807593891,0.10301626140045395,0.08889826468903766,0.07304967184859867,0.04825426990803322,0.031215789403977012,0.023090079321114232,0.01812047820859014,0.0152973300509896,0.01272181791456417,0.009760010064889468,0.007529693475090138,0.004472001993420571
0.21250426557979657,0.20579597573109504,0.18947958790731018,0.17769685774333138,0.15030251399957728,0.12925331411488555,0.10960736365229251,0.0976477699378207,0.08754290746695537,0.06675480577820175,0.05275980539582131,0.03511031022986366,0.02419812328071702,0.017028078724485085,0.01717813237107313,0.01282750625761736,0.00930882324896104,0.00693487559824113,0.004801498711807184
0.21890592060151987,0.20156885368247107,0.1834456626570456,0.16752280504851264,0.14746696282870336,0.1310082287897339,0.11014587288288685,0.10260310645223825,0.08631992384731918,0.06674822842811362,0.047044920715136496,0.03745928116168257,0.024645051504113558,0.019402664512977785,0.013920150788556407,0.012444455897364815,0.009736734048010343,0.006623135696089966,0.004758695972143567
